timestamp,rtt_ms_mean,rtt_ms_min,rtt_ms_max,count
2026-05-12T11:43:55.733470,3277.907,1181.930,5682.650,10
2026-05-12T11:43:56.733470,1225.512,39.400,1820.060,5
2026-05-12T11:43:57.733470,3767.297,33.170,16590.280,6
2026-05-12T11:43:58.733470,15849.290,15709.690,15988.890,2
2026-05-12T11:43:59.733470,15289.060,15217.100,15327.310,3
2026-05-12T11:44:00.733470,14498.252,14304.680,14683.710,4
2026-05-12T11:44:13.733470,1524.370,1524.370,1524.370,1
2026-05-12T11:44:14.733470,1427.382,1359.280,1504.290,6
2026-05-12T11:44:15.733470,1424.370,1365.290,1464.400,7
2026-05-12T11:44:16.733470,1654.573,1523.120,1834.800,7
2026-05-12T11:44:17.733470,2151.908,1946.540,2296.310,6
2026-05-12T11:44:18.733470,1312.611,33.080,2767.970,8
2026-05-12T11:44:19.733470,9172.900,2562.550,11716.270,4
2026-05-12T11:44:20.733470,10737.897,10268.800,11093.840,4
2026-05-12T11:44:21.733470,9908.797,9755.370,10165.550,3
2026-05-12T11:44:30.733470,980.143,793.710,1084.440,3
2026-05-12T11:44:31.733470,937.357,740.600,1204.600,11
2026-05-12T11:44:32.733470,2076.205,640.550,6478.690,10
2026-05-12T11:44:33.733470,5491.823,3673.750,6576.230,8
2026-05-12T11:44:36.733470,713.070,713.070,713.070,1
2026-05-12T11:44:37.733470,1872.230,267.800,3468.280,4
2026-05-12T11:44:38.733470,2875.990,2875.990,2875.990,1
2026-05-12T11:44:39.733470,1126.810,200.320,1931.740,7
2026-05-12T11:44:40.733470,1174.051,229.610,1772.450,8
2026-05-12T11:44:41.733470,1069.154,197.840,1769.070,9
2026-05-12T11:44:42.733470,921.531,188.970,1701.370,10
2026-05-12T11:44:43.733470,979.976,207.750,1553.150,10
2026-05-12T11:44:44.733470,1034.691,551.460,1476.130,10
2026-05-12T11:44:45.733470,1050.590,571.590,1515.830,8
2026-05-12T11:44:46.733470,964.354,578.500,1453.930,10
2026-05-12T11:44:47.733470,1095.593,703.870,1490.460,10
2026-05-12T11:44:48.733470,1399.339,740.940,1960.700,9
2026-05-12T11:44:49.733470,1384.726,790.890,1943.330,7
2026-05-12T11:44:50.733470,980.806,597.960,1548.830,7
2026-05-12T11:44:51.733470,984.872,652.530,1310.010,10
2026-05-12T11:44:52.733470,987.665,686.610,1336.430,11
2026-05-12T11:44:53.733470,1024.669,786.790,1329.640,9
2026-05-12T11:44:54.733470,1448.516,884.240,1769.700,9
2026-05-12T11:44:55.733470,1215.933,898.220,1709.740,6
2026-05-12T11:44:56.733470,874.471,435.980,1943.210,12
2026-05-12T11:44:57.733470,1224.716,445.990,1934.730,9
2026-05-12T11:44:58.733470,801.480,194.490,1533.410,10
2026-05-12T11:44:59.733470,885.115,195.280,2388.210,13
2026-05-12T11:45:00.733470,1627.061,879.660,2120.740,8
2026-05-12T11:45:01.733470,761.000,122.510,1431.820,7
2026-05-12T11:45:02.733470,1144.082,902.040,1299.530,9
2026-05-12T11:45:03.733470,919.201,517.920,1613.440,13
2026-05-12T11:45:04.733470,818.866,291.450,1496.600,10
2026-05-12T11:45:05.733470,1299.159,394.710,2196.130,11
2026-05-12T11:45:06.733470,1188.475,279.670,2212.820,6
2026-05-12T11:45:07.733470,846.876,117.840,1652.380,14
2026-05-12T11:45:08.733470,1432.566,568.060,2710.740,5
2026-05-12T11:45:09.733470,1222.164,280.460,1958.990,13
2026-05-12T11:45:10.733470,710.007,140.020,1287.760,6
2026-05-12T11:45:11.733470,1050.235,144.640,2415.910,11
2026-05-12T11:45:12.733470,1381.517,729.080,2073.620,8
2026-05-12T11:45:13.733470,961.401,208.500,2349.830,7
2026-05-12T11:45:14.733470,1073.276,318.160,1949.810,13
2026-05-12T11:45:15.733470,1474.335,775.010,2082.080,4
2026-05-12T11:45:16.733470,872.861,364.480,1383.820,11
2026-05-12T11:45:17.733470,1170.830,190.440,2182.440,12
2026-05-12T11:45:18.733470,1291.974,131.620,2244.670,8
2026-05-12T11:45:19.733470,1510.623,1295.560,1808.330,7
2026-05-12T11:45:20.733470,845.845,528.510,1470.630,4
2026-05-12T11:45:21.733470,1210.700,588.820,1684.860,13
2026-05-12T11:45:22.733470,881.925,297.210,2026.510,8
2026-05-12T11:45:23.733470,1690.989,1340.560,1994.890,8
2026-05-12T11:45:24.733470,960.733,222.670,2087.250,7
2026-05-12T11:45:25.733470,1508.258,218.460,2082.110,9
2026-05-12T11:45:26.733470,597.040,225.260,973.650,6
2026-05-12T11:45:27.733470,924.888,205.490,1434.860,13
2026-05-12T11:45:28.733470,997.569,401.580,1953.840,10
2026-05-12T11:45:29.733470,1332.089,493.020,1770.770,11
2026-05-12T11:45:30.733470,1296.088,495.410,2086.690,4
2026-05-12T11:45:31.733470,1294.696,386.200,1878.060,12
2026-05-12T11:45:32.733470,885.150,572.400,1207.190,4
2026-05-12T11:45:33.733470,921.197,455.680,1758.670,12
2026-05-12T11:45:34.733470,1461.275,1226.090,1621.170,8
2026-05-12T11:45:35.733470,724.696,500.810,1047.930,9
2026-05-12T11:45:36.733470,1179.520,684.650,1718.750,11
2026-05-12T11:45:37.733470,942.077,522.630,1201.160,7
2026-05-12T11:45:38.733470,1362.156,562.770,1805.170,13
2026-05-12T11:45:39.733470,1004.730,687.390,1628.360,4
2026-05-12T11:45:40.733470,993.208,398.560,1524.890,11
2026-05-12T11:45:41.733470,1103.267,132.190,2011.100,14
2026-05-12T11:45:42.733470,1756.107,1377.870,1973.650,3
2026-05-12T11:45:43.733470,1267.665,196.050,2333.620,13
2026-05-12T11:45:44.733470,1603.687,1231.240,2342.050,3
2026-05-12T11:45:45.733470,1219.108,178.150,2420.670,11
2026-05-12T11:45:46.733470,1899.722,1358.700,2352.730,5
2026-05-12T11:45:47.733470,767.318,135.240,1461.920,6
2026-05-12T11:45:48.733470,936.939,131.360,1388.050,10
2026-05-12T11:45:49.733470,937.752,579.580,1255.150,10
2026-05-12T11:45:50.733470,1037.292,522.300,1328.280,13
2026-05-12T11:45:51.733470,932.298,459.130,1847.960,8
2026-05-12T11:45:52.733470,1364.753,439.300,1845.860,9
2026-05-12T11:45:53.733470,1197.889,124.950,2372.380,11
2026-05-12T11:45:54.733470,1790.474,1169.730,2217.290,5
2026-05-12T11:45:55.733470,1165.176,123.260,2514.800,9
2026-05-12T11:45:56.733470,1921.974,167.750,2644.350,7
2026-05-12T11:45:57.733470,1843.097,203.910,2665.170,3
2026-05-12T11:45:58.733470,2560.861,154.640,6513.800,11
2026-05-12T11:45:59.733470,3939.085,1329.880,6548.290,2
2026-05-12T11:46:00.733470,5556.768,5319.730,5810.760,6
2026-05-12T11:46:04.733470,1661.920,1661.920,1661.920,1
2026-05-12T11:46:05.733470,1428.450,1268.160,1653.350,5
2026-05-12T11:46:06.733470,1152.386,1051.730,1248.310,7
2026-05-12T11:46:07.733470,2005.460,1325.980,2629.220,9
2026-05-12T11:46:08.733470,2389.397,33.370,3836.230,6
2026-05-12T11:46:09.733470,14365.923,2805.430,20314.540,3
2026-05-12T11:46:10.733470,19703.843,19592.720,19832.710,3
2026-05-12T11:46:11.733470,18696.240,18696.240,18696.240,1
2026-05-12T11:46:12.733470,18475.175,18309.880,18693.240,4
2026-05-12T11:46:29.733470,1640.303,1617.010,1652.070,3
2026-05-12T11:46:30.733470,1675.579,1640.980,1725.470,7
2026-05-12T11:46:31.733470,1665.875,1623.340,1714.750,6
2026-05-12T11:46:32.733470,1739.970,1699.390,1761.310,6
2026-05-12T11:46:33.733470,1776.282,1729.290,1813.700,5
2026-05-12T11:46:34.733470,1920.282,1745.160,2117.060,6
2026-05-12T11:46:35.733470,2176.706,2148.480,2202.330,5
2026-05-12T11:46:36.733470,2046.273,1966.500,2136.380,4
2026-05-12T11:46:37.733470,1765.515,1672.690,1900.340,6
2026-05-12T11:46:38.733470,1624.888,1607.160,1649.530,5
2026-05-12T11:46:39.733470,1624.756,1571.240,1715.210,7
2026-05-12T11:46:40.733470,1764.072,1675.160,1876.580,6
2026-05-12T11:46:41.733470,1840.300,1810.210,1855.030,5
2026-05-12T11:46:42.733470,1763.057,1718.060,1805.830,6
2026-05-12T11:46:43.733470,1771.242,1717.790,1825.590,5
2026-05-12T11:46:44.733470,1731.078,1697.260,1763.040,6
2026-05-12T11:46:45.733470,1759.595,1703.590,1860.260,6
2026-05-12T11:46:46.733470,1996.302,1938.960,2018.580,6
2026-05-12T11:46:47.733470,1924.825,1850.530,1981.450,4
2026-05-12T11:46:48.733470,1646.266,1600.720,1741.060,5
2026-05-12T11:46:49.733470,1662.120,1648.570,1687.680,7
2026-05-12T11:46:50.733470,1630.458,1573.150,1701.290,6
2026-05-12T11:46:51.733470,1559.914,1552.860,1572.200,5
